domain,cpanel_user
thunder66.net,y2026m03ns504
max99th.co,y2026m03ns504
pg699.net,y2026m03ns504
pg699.org,y2026m03ns504
blinderbet.co,y2026m03ns504
ab789.co,y2026m03ns504
amb24.co,y2026m03ns504
jgaming911.org,y2026m03ns504
ambking123.com,y2026m03ns504
dior188.org,y2026m03ns504
axie789.co,y2026m03ns504
4king.org,y2026m03ns504
ab7899.com,y2026m03ns504
nexbet888.com,y2026m03ns504
axie7899.com,y2026m03ns504
amb244.com,y2026m03ns504
ambheng1688.com,y2026m03ns504
betbomb88.com,y2026m03ns504
fw88.org,y2026m03ns504
scb383th.net,y2026m03ns504
scb383th.org,y2026m03ns504
inniwin.com,y2026m03ns504
inniwin.net,y2026m03ns504
vv6444.co,y2026m03ns504
lukaslot44.net,y2026m03ns504
lukaslot44.org,y2026m03ns504
h258.net,y2026m03ns504
sawanwing.net,y2026m03ns504
sawanwing.org,y2026m03ns504
lml689.org,y2026m03ns504
macau898.net,y2026m03ns504
macau898.org,y2026m03ns504
zone168.net,y2026m03ns504
pgz789.net,y2026m03ns504
spez168.net,y2026m03ns504
spez168.org,y2026m03ns504
spez666.com,y2026m03ns504
spez666.net,y2026m03ns504
messibet888.net,y2026m03ns504
messibet888.org,y2026m03ns504
tiger1688.co,y2026m03ns504
bg888.co,y2026m03ns504
4kauto.net,y2026m03ns504
4kauto.org,y2026m03ns504
sk123.org,y2026m03ns504
firespin888.com,y2026m03ns504
firespin888.net,y2026m03ns504
spinrich888.com,y2026m03ns504
spinrich888.net,y2026m03ns504
pocky88.com,y2026m03ns504
pocky88.net,y2026m03ns504
ibf1688.com,y2026m03ns504
lcbet1688.com,y2026m03ns504
kiki8899.com,y2026m03ns504
zane966.com,y2026m03ns504
aura7899.com,y2026m03ns504
918hit.org,y2026m03ns504
manta168.org,y2026m03ns504
pog77.net,y2026m03ns504
pog77.org,y2026m03ns504
duck88.net,y2026m03ns504
duck88.org,y2026m03ns504
aston168.co,y2026m03ns504
vm9th.org,y2026m03ns504
dubaiclub888.co,y2026m03ns504
nakoya1688.net,y2026m03ns504
nakoya1688.org,y2026m03ns504
dragonball168.org,y2026m03ns504
uaeinfinint.net,y2026m03ns504
prosper9999.net,y2026m03ns504
prosper9999.org,y2026m03ns504
slotbkk.org,y2026m03ns504
windragon168.co,y2026m03ns504
horus789.co,y2026m03ns504
neko500.co,y2026m03ns504
amb2rich.org,y2026m03ns504
atm888.co,y2026m03ns504
pgx9.net,y2026m03ns504
pgx9.org,y2026m03ns504
uxnine.org,y2026m03ns504
not54.org,y2026m03ns504
77evo.org,y2026m03ns504
t6slot.co,y2026m03ns504
jetspinbet.co,y2026m03ns504
ufamvp.net,y2026m03ns504
ufamvp.org,y2026m03ns504
item88.org,y2026m03ns504
m4sure.org,y2026m03ns504
horizon789.org,y2026m03ns504
rb168.co,y2026m03ns504
betflikcasino.net,y2026m03ns504
ambheng88.co,y2026m03ns504
megaspinx.net,y2026m03ns504
megaspinx.org,y2026m03ns504
nasaslotzeed.org,y2026m03ns504
balen1688.com,y2026m03ns504
ww4244.com,y2026m03ns504
luckyking8888.com,y2026m03ns504
lucy899.com,y2026m03ns504
horus7899.com,y2026m03ns504
neko5000.com,y2026m03ns504
khongkhwan699.com,y2026m03ns504
superrich8888.com,y2026m03ns504
ufagoat1688.com,y2026m03ns504
gu8999.com,y2026m03ns504
flik933.com,y2026m03ns504
pgcash888.com,y2026m03ns504
tkb3655.com,y2026m03ns504
allin99my.co,y2026m03ns504
978king.co,y2026m03ns504
sagame888.org,y2026m03ns504
rwd789.net,y2026m03ns504
rwd789.org,y2026m03ns504
teeyai888.com,y2026m03ns504
bflix6888.net,y2026m03ns504
bflix6888.org,y2026m03ns504
banana168.co,y2026m03ns504
eco879.net,y2026m03ns504
sugus18.co,y2026m03ns504
botan888.org,y2026m03ns504
jaojeng888.org,y2026m03ns504
extra789.org,y2026m03ns504
marinabay999.org,y2026m03ns504
